PK,player_id,nickname,player_name
1,62761,코리안특급,박찬호
2,64646,짭찬호,박찬호
3,75847,소년장사,최정
4,75847,야구천재,최정
5,75847,홈런공장장,최정
6,61353,고볼트,고종욱
7,63704,노토바이,노수광
8,76802,핫성현,김성현
9,76802,큐티식스,김성현
10,76715,코리안 몬스터,류현진
11,76715,괴물,류현진
12,76715,류뚱,류현진
13,77637,대투수,양현종
14,77637,붉은청룡,양현종
15,71564,조선의 4번타자,이대호
16,95436,라이온킹,이승엽
17,95436,승짱,이승엽
18,51817,추추트레인,추신수
19,71752,김별명,김태균
20,62947,나스타,나성범
21,62907,마산아이돌,박민우
22,62415,람보르미니,박해민
23,73153,슈퍼소닉,이대형
24,77829,KK,김광현
25,99222,홍포,홍성흔
26,69605,헤즐빵,해즐베이커
27,71801,여왕벌,정대현
28,94107,캐넌히터,김재현
29,92809,포도대장,박경완
30,91848,어린 왕자,김원형
31,94204,헤라클레스,심정수
32,96362,빵재홍,박재홍
33,95549,마포,마해영
34,79365,박참치,박동원
35,85672,무등산 폭격기,선동열
36,85672,나고야의 태양,선동열
37,93607,바람의 아들,이종범
38,67341,바람의 손자,이정후
39,67304,한국의 오타니,김혜성
40,67119,한국의 리베라,고우석
41,93410,양신,양준혁
42,82420,헐크,이만수
43,96610,스나이퍼,장성호
44,79192,채은별,채은성
45,94629,로또준,이호준
46,94629,호부지,이호준
47,75808,악마의 2루수,정근우
48,72860,대수리게스,이대수
49,72133,용암택,박용택
50,65357,키스성문,송성문
51,67025,노학수,로하스
52,75125,박뱅,박병호
53,76325,킹캉,강정호
54,78168,서교수,서건창
55,78603,작은거인,김선빈
56,78122,태군마마,김태군
57,67872,로맥아더,로맥
58,62895,동미니칸,한유섬
59,62931,노검사,노진혁
60,82116,개구리번트,김재박
61,82612,오리궁둥이,김성한
62,91511,대도,전준호
63,78640,나이스가이,서재응
64,71837,짐승,김강민
65,71857,싸이,박재상
66,74846,미스터 옥토버,박정권
67,74846,가을정권,박정권
68,71848,가을동화,조동화
69,68341,안장군,안우진
70,69102,슈퍼문,문보경
71,99810,국민우익수,이진영
72,52701,대전의 왕자,문동주
73,74454,윤태자,윤성환
74,70425,푸른 피의 에이스,배영수
75,92508,안경 에이스,염종석
76,83540,무쇠팔,최동원
77,83540,안경 에이스,최동원
78,76290,타격 기계,김현수
79,74339,무한준,유한준
80,71118,로켓,이동현
81,70364,섹시가이,전근표
82,67893,천유박,박성한
83,76812,브랜드신,이재원
84,68106,잠실의 빅보이,이재원
85,76232,양사장,양의지
86,62363,HHH,한현희
87,74465,브콜돼,박석민
88,94106,꾀돌이,류지현
89,96761,황금 독수리,송지만
90,96761,송집사,송지만
91,77623,빅초이,최희섭
92,64300,어썸킴,김하성
93,75421,끝판대장,오승환
94,75421,돌부처,오승환
95,75421,파이널보스,오승환
96,85110,노송,김용수
97,93715,대성불패,구대성
98,78232,써니,김선우
99,52415,빼뱀,이재현
100,64021,안경 에이스,박세웅
101,86572,고독한 황태자,윤학길
102,52605,도니살,김도영
103,96307,박진만두,박진만
104,94836,돌격대장,조원우
105,94310,숭캡,이숭용
106,83412,꼴뚜기,김시진
107,98233,흑곰,우즈
108,98218,두목곰,김동주
109,83460,타격의 달인,장효조
110,70756,꽃범호,이범호
111,78629,나비,나지완
112,70646,김상사,김상현
113,84510,자갈치,김민호
114,65546,명왕,레일리
115,65856,켈련님,켈리
116,52001,고릴라,안현민
117,56002,DD,대니엘
118,55526,VV,벨라스케즈
119,64166,끝내주는 남자,배정대
121,79231,잠실 아이돌,정수빈
122,88510,호랑나비,김응국
123,76858,바키투심,박희수
124,96462,국민노예,정현욱
125,98521,임작가,임경완
126,73241,정작가,정재훈
127,82616,대도,김일권
128,90695,젊은 그대,홍현우
129,95409,걸사마,김재걸
130,79608,고릴라,안치홍
131,72214,고제트,고영민
132,95158,권병장,권용관
133,72862,길자,윤길현
134,73209,놀부,나주환
135,61240,니느님,니퍼트
136,52704,대상혁,이상혁
137,52704,페이커,이상혁
138,53892,토코몬,이로운
139,53892,꽃돼지,이로운
140,78217,또치,김용의
141,97109,라뱅,이병규
142,76100,작뱅,이병규
143,95436,국민타자,이승엽
144,98144,잉금님,조인성
145,90532,슈퍼베이비,박동희
146,76455,차우차우,차우찬
147,95657,창용불패,임창용
148,60594,키스도사,사도스키
149,91514,탱크,박정태
150,89670,팔색조,조계현
151,66209,포르쉥,조수행
152,76325,평화왕,강정호
153,64300,평화왕자,김하성
154,96616,한남자,김종국
155,72551,허용갑,이정민
156,62349,BK,김병현
157,72214,2익수,고영민
158,77591,송짬뽕,송승준
159,73342,택근브이,이택근
160,87721,악바리,이정훈
161,98144,앉아쏴,조인성
162,79109,오지배,오지환
163,77199,옥춘이,옥스프링
164,76355,원쓰리,장원삼
165,78352,임사장,임창민
166,97109,적토마,이병규
167,78513,전트란,전준우
168,51897,조뱅,조병현
169,73339,종박,이종욱
170,62404,맛자욱,구자욱
171,66508,미친개,나경민
